user_id,product_id,score
7.72347E+18,101,5
2.94378E+18,102,4
7.72347E+18,103,3
8.84237E+18,104,5
